"Nome_Empresa","Categoria","Localizacao","Site_Oficial","Email_Oficial","Telefone","Status_Pesquisa"
"Atelier d'Artes","Artes","Portugal","","hirondino.p@gmail.com","+351 938 433 066","COMPLETO"
"CCB: Campo de férias em Lisboa","Artes","Portugal","","bilheteiraccb@ccb.pt","213 612 627","COMPLETO"
"Curso de Férias para Crianças","Artes","Portugal","","galeriaicone@gmail.com","967311015","COMPLETO"
"FÉRIAS DE VERÃO EM SERRALVES","Artes","Portugal","","iporto@amp.pt","","COMPLETO"
"LISBOA","Artes","Portugal","","lxdatalab@cm-lisboa.pt","+351 213425401","COMPLETO"
"Oficinas do Mundo","Artes","Portugal","","oficinasdomundo@gmail.com","+351 961 538 698","COMPLETO"
"Camp Abilities Portugal","Artes marciais","Portugal","","campabilitiesportugal@gmail.com","916 288 340","COMPLETO"
"Jiu","Artes marciais","Portugal","","complexodesportivo@bombeirosestoril.pt","+351 215866620","COMPLETO"
"Atividades para Grupos","Aventura","Portugal","","eventos@sorio.pt","","COMPLETO"
"All Star Camp","Basquetebol","Portugal","","geral@allstar-camp.com","+351 961 509 831","COMPLETO"
"Campo de Férias","Basquetebol","Portugal","","secretaria@ccram.pt","961 334 534","COMPLETO"
"Campus Basket","Basquetebol","Portugal","","modalidades@scbraga.pt","+351 967 251 278","COMPLETO"
"NBA Basketball School Portugal","Basquetebol","Portugal","","basquetebol@ads.pt","+351 967 251 278","COMPLETO"
"Youth Camp","Basquetebol","Portugal","","ycafe.connect@gmail.com","","COMPLETO"
"Campo de férias Explorar o mundo","Ciência","Portugal","","info@mhnc.up.pt","+351 220 408 686","COMPLETO"
"Campos de Férias Ciência Viva","Ciência","Portugal","","info@cienciaviva.pt","","COMPLETO"
"Clube Férias Científicas","Ciência","Portugal","","geral@cm-maia.pt","268 333 246","COMPLETO"
"Ocupação Científica dos Jovens nas Férias 2026","Ciência","Portugal","","geral@caaportugal.pt","934844544","COMPLETO"
"Pequenos Naturalistas","Ciência","Portugal","","s.educativo@mhnc.up.pt","220 408 700","COMPLETO"
"APC on Instagram: ""🏕️ XIV Campo de Férias Sem Espiga ...","Cozinha","Portugal","","tesouraria@celiacos.org.pt","+351 217 530 193","COMPLETO"
"Cursos de culinária nas férias","Cozinha","Portugal","","hello@lisboa.events","912 108 744","COMPLETO"
"Kidchen","Cozinha","Portugal","","aniversarios@kidchen.pt","","COMPLETO"
"O que realmente acontece nos campos de férias da Kidchen","Cozinha","Portugal","","loja@kidchen.pt","","COMPLETO"
"Workshops","Cozinha","Portugal","","info@artlier.pt","218 007 784","COMPLETO"
"Abrantes","Escuteiros","Portugal","","geral@smabrantes.pt","241 330 100","COMPLETO"
"Campos Escotistas","Escuteiros","Portugal","","centros.escotistas@escoteiros.pt","","COMPLETO"
"Casa da Emília","Escuteiros","Portugal","","hello@casadaemilia.com","+351 243 556 316","COMPLETO"
"Centros e Campos Escutistas","Escuteiros","Portugal","","geral@escutismo.pt","218 427 020","COMPLETO"
"Diretório de Centros e Campos Escutistas","Escuteiros","Portugal","","dnce@escutismo.pt","+351 218 427 020","COMPLETO"
"O Campo Escutista de Pedroso vai acolher, nos dias 22, 23, 26, 29 ...","Escuteiros","Portugal","","geral@viverpedroso.pt","960 282 464","COMPLETO"
"O NOSSO CAMPO","Escuteiros","Portugal","","geral.485@escutismo.pt","910 691 041","COMPLETO"
"Semente: campo de férias para crianças dos 9 aos 11 anos","Escuteiros","Portugal","","amigosamao@gmail.com","+351 214 847 480","COMPLETO"
"Acampamentos de Futebol","Futebol","Portugal","","info@frmclinics.com","","COMPLETO"
"CAMPOS DE FÉRIAS DE VERÃO PSG ACADEMY","Futebol","Portugal","","contacto@urbansoccer.pt","+351 932 168 065","COMPLETO"
"Férias Desportivas","Futebol","Portugal","","geral@tempolivre.pt","249889010","COMPLETO"
"Lab Camp","Futebol","Portugal","","info@labmusiceducation.gr","210 383940","COMPLETO"
"Paris Saint","Futebol","Portugal","","ha780@accor.com","","COMPLETO"
"campodeferias","Futebol","Portugal","","novaferias@sapo.pt","283 996 409","COMPLETO"
"ATL Desportivo no Jamor","Geral/Misto","Lisboa (Região de Lisboa)","","pan.jamor@ipdj.pt","+351 214 193 054","COMPLETO"
"ATL Férias desportivas na Decathlon da Amadora","Geral/Misto","Lisboa (Região de Lisboa)","","atividadesdecathlon@gmail.com","913 705 447","COMPLETO"
"ATL Páscoa Desportivo em Viseu","Geral/Misto","Viseu (Região Norte)","","marketing@viseu2001.com","232 423 640","COMPLETO"
"ATL Páscoa de Futebol em Almada","Geral/Misto","Almada (Região de Lisboa)","","direcao.almadaatleticoclube@gmail.com","218027059","COMPLETO"
"ATL Páscoa de Futebol em Braga","Geral/Misto","Braga (Região Norte)","","cea@artecea.org","918 090 888","COMPLETO"
"ATL Páscoa de Futebol em Cascais","Geral/Misto","Cascais (Região de Lisboa)","","playbowling1999@gmail.com","926 049 425","COMPLETO"
"ATL Páscoa de Futebol em Santa Maria da Feira","Geral/Misto","Santa Maria da Feira (Região Norte)","","liga.lacsaf@gmail.com","963 507 273","COMPLETO"
"ATL Páscoa de Futebol em Sintra","Geral/Misto","Sintra (Região de Lisboa)","","sintrasport2021@gmail.com","210 204 945","COMPLETO"
"ATL Páscoa de Teatro Musical em Lisboa","Geral/Misto","Lisboa (Região de Lisboa)","","secretaria@dancespot.pt","918 090 888","COMPLETO"
"ATL Páscoa de Ténis em Almada","Geral/Misto","Almada (Região de Lisboa)","","atalmada@sapo.pt","927 239 978","COMPLETO"
"ATL Páscoa de Ténis em Lisboa","Geral/Misto","Lisboa (Região de Lisboa)","","atl@atenislisboa.pt","914 617 164","COMPLETO"
"ATL Páscoa de Ténis em Sintra","Geral/Misto","Sintra (Região de Lisboa)","","dmr.tenisdemesa76@gmail.com","918 090 888","COMPLETO"
"ATL Verão Desportivo em Coimbra","Geral/Misto","Coimbra (Região Centro)","","museu.municipal@cm-coimbra.pt","910 617 949","COMPLETO"
"ATL Verão Desportivo em Viseu","Geral/Misto","Viseu (Região Norte)","","isabelmariav1972@hotmail.com","210 204 945","COMPLETO"
"ATL Verão de Teatro Musical Lisboa","Geral/Misto","Lisboa (Região de Lisboa)","","info@stagedoor.pt","210 204 945","COMPLETO"
"ATL Verão de Ténis em Cascais","Geral/Misto","Carcavelos (Região de Lisboa)","","comunicacao@carcavelos-tenis.com","+351 916 120 372","COMPLETO"
"ATL de Bushcraft em Sesimbra","Geral/Misto","Lisboa (Região de Lisboa)","","info@escoladomato.com","914 820 585","COMPLETO"
"ATL de Surf em Matosinhos","Geral/Misto","Matosinhos (Região Norte)","","kibersurf@gmail.com","936 408 182","COMPLETO"
"ATL de Verão Equestre no Porto","Geral/Misto","Porto (Região Norte)","","geral@chp.pt","228 318 288","COMPLETO"
"ATL de Verão Escalada em Lisboa","Geral/Misto","Lisboa (Região de Lisboa)","","cdesp.cvistoso@cm-lisboa.pt","+351 214 261 039","COMPLETO"
"ATL de Verão Especial Disney em Lisboa","Geral/Misto","Lisboa (Região de Lisboa)","","help@disney.co.uk","210 997 878","COMPLETO"
"ATL de Verão Multi Camp no Porto","Geral/Misto","Leça da Palmeira (Região Norte)","","geral@jf-lecadapalmeira.pt","210 204 945","COMPLETO"
"ATL de Verão Penha de França Lisboa","Geral/Misto","Lisboa (Região de Lisboa)","","assembleia.freguesia@jf-penhafranca.pt","218 160 721","COMPLETO"
"ATL de Verão Surf em Cascais","Geral/Misto","Cascais (Região de Lisboa)","","info@surfcascais.com","+351935882565","COMPLETO"
"Academia para Formação de Animadores de Campos de Férias","Geral/Misto","Porto (Região Norte)","","geral@jovensseguros.com","936 102 127","COMPLETO"
"Ardingly","Geral/Misto","Ardingly (Curso de Inglês Ardingly College no Sul de Inglaterra)","","info@ardingly.com","210 204 945","COMPLETO"
"Barruera","Geral/Misto","Barruera (Campo de férias de Pesca Internacional em Espanha)","","vallboi@vallboi.com","","COMPLETO"
"Campo de Férias Aventura Ponte de Lima","Geral/Misto","Ponte de Lima (Região Norte)","","reservas@timeoutaventura.com","919 580 287","COMPLETO"
"Campo de Férias Não Residencial St. Julian’s 5–6 anos","Geral/Misto","Lisboa (Região de Lisboa)","","mail@stjulians.com","210 204 945","COMPLETO"
"Campo de Férias Não Residencial St. Julian’s 7–9 anos","Geral/Misto","Lisboa (Região de Lisboa)","","alumni@stjulians.com","","COMPLETO"
"Campo de Férias Não Residencial em Lisboa","Geral/Misto","Região de Lisboa","","camposdeferias@summerpolis.pt","936 102 127","COMPLETO"
"Campo de Férias Não Residencial perto de Braga","Geral/Misto","Braga (Região Norte)","","quinta.pedagogica@cm-braga.pt","936 102 127","COMPLETO"
"Campo de Férias de Futebol de Natal em Cascais","Geral/Misto","Cascais (Região de Lisboa)","","sportsclubcascais@gmail.com","215 811 756","COMPLETO"
"Campo de Férias de Verão em Sintra","Geral/Misto","Sintra (Região de Lisboa)","","sintrasummercamp2026@gmail.com","210 204 945","COMPLETO"
"Campo de Kitesurf em Cádiz 14-17 anos","Geral/Misto","Cádiz (Espanha)","","info@cadizkite.com","+351 210 204 945","COMPLETO"
"Campo de Natal de Ténis em Lisboa","Geral/Misto","Lisboa (Região de Lisboa)","","officecif@cif.org.pt","210 204 945","COMPLETO"
"Campo de Windsurf em Cádiz 14-17 anos","Geral/Misto","Cádiz (Espanha)","","ev_elpuerto@fav.es","","COMPLETO"
"Campo de Wingfoil em Cádiz 14-17 anos","Geral/Misto","Cádiz (Espanha)","","wingfoilcadiz@gmail.com","","COMPLETO"
"Campo de férias Artístico Não Residencial em Lisboa","Geral/Misto","Lisboa (Região de Lisboa)","","info@oceanario.pt","+351 936 102 127","COMPLETO"
"Campo de férias Aventura em Lisboa","Geral/Misto","Bucelas, Loures (Região de Lisboa)","","sniper@sniper.pt","219 694 778","COMPLETO"
"Campo de férias Aventura em Óbidos","Geral/Misto","Óbidos (Região de Lisboa)","","geral@campoaventura.pt","+351 914 039 367","COMPLETO"
"Campo de férias Aventura na Ericeira","Geral/Misto","Lisboa (Região de Lisboa)","","info@covadabaleia.com","969 008 368","COMPLETO"
"Campo de férias Aventura no Norte de Portugal","Geral/Misto","Braga (Região Norte)","","info@adventours.pt","+351 253 635 763","COMPLETO"
"Campo de férias Desportivas Não Residencial no Jamor","Geral/Misto","Lisboa (Região de Lisboa)","","reservas.jamor@ipdj.pt","914 830 231","COMPLETO"
"Campo de férias Equitação Não Residencial na Margem Sul","Geral/Misto","Lisboa (Região de Lisboa)","","equitacao@appacdmsetubal.pt","","COMPLETO"
"Campo de férias Futebol Alto Rendimento em Valência","Geral/Misto","Valência (Espanha)","","campusfutbol@valenciacf.es","","COMPLETO"
"Campo de férias Futebol Não Residencial Alto do Lumiar","Geral/Misto","Lisboa (Região de Lisboa)","","desporto@jf-lumiar.pt","918 090 888","COMPLETO"
"Campo de férias Futebol Não Residencial Ponte de Sor","Geral/Misto","Alentejo (Região Alentejo)","","geral@cm-pontedesor.pt","+351 242 291 589","COMPLETO"
"Campo de férias Futebol Não Residencial Santa Maria da Feira","Geral/Misto","Santa Maria da Feira (Região Norte)","","camposferiasvives@gmail.com","210 204 945","COMPLETO"
"Campo de férias Futebol Não Residencial em Almada","Geral/Misto","Lisboa (Região de Lisboa)","","alexandresilva@misterfoot.pt","","COMPLETO"
"Campo de férias Futebol Não Residencial em Aveiro","Geral/Misto","Aveiro (Região Centro)","","educacao@cm-aveiro.pt","234 406 457","COMPLETO"
"Campo de férias Futebol Não Residencial em Braga","Geral/Misto","Braga (Região Norte)","","geral@aescolinhadofigo.com","210 204 945","COMPLETO"
"Campo de férias Futebol Não Residencial em Sintra","Geral/Misto","Sintra (Região de Lisboa)","","sintra@sporting.pt","210 204 945","COMPLETO"
"Campo de férias Futebol Não Residencial na Alta de Lisboa","Geral/Misto","Lisboa (Região de Lisboa)","","direcao@udal.pt","","COMPLETO"
"Campo de férias Futebol Não Residencial perto de Albufeira","Geral/Misto","Algarve (Região Algarve)","","geral@cm-albufeira.pt","289 570 500","COMPLETO"
"Campo de férias Futebol Não Residencial perto de Braga","Geral/Misto","Braga (Região Norte)","","mkt@scbraga.pt","","COMPLETO"
"Campo de férias Futebol Real Madrid em Braga","Geral/Misto","Braga (Região Norte)","","efbvarzea@slbenfica.pt","913 851 579","COMPLETO"
"Campo de férias Futebol Real Madrid em Torres Vedras","Geral/Misto","Torres Vedras (Região de Lisboa)","","espacoeducacaofisica@fisicatvedras.pt","261 335 741","COMPLETO"
"Campo de férias Futebol Real Madrid em Vilamoura","Geral/Misto","Vilamoura, Algarve (Região Algarve)","","info@frmclinicsportugal.com","","COMPLETO"
"Campo de férias Futebol em Madrid","Geral/Misto","Talamanca de Jarama (Espanha)","","atlgalokids@gmail.com","918 090 888","COMPLETO"
"Campo de férias Futebol na Galiza","Geral/Misto","Moinhos, Ourense (Espanha)","","info.guia@eixoatlantico.com","927 163 726","COMPLETO"
"Campo de férias Futebol no Centro de Portugal","Geral/Misto","Entroncamento, Santarém (Região Centro)","","futsal@ufe.pt","249 241 315","COMPLETO"
"Campo de férias Futebol no Norte de Portugal","Geral/Misto","Braga (Região Norte)","","municipe@cm-braga.pt","918 090 888","COMPLETO"
"Campo de férias Internacional Pireneus Explorer 15-18 anos","Geral/Misto","Cerdanya (Espanha)","","info@pyreneexplorer.com","918 090 888","COMPLETO"
"Campo de férias Internacional em Inglês Lisboa e Porto","Geral/Misto","Lisboa e Porto (Região Norte)","","info@englishquestcamp.com","+351 912 761 633","COMPLETO"
"Campo de férias Internacional em Inglês Madrid e Catalunha","Geral/Misto","Madrid e Barcelona (Espanha)","","madrid@mne.pt","918 090 888","COMPLETO"
"Campo de férias Internacional em Madrid","Geral/Misto","Madrid (Espanha)","","email@intercambiosrotary1960.com","918 090 888","COMPLETO"
"Campo de férias Maravilhas de Portugal","Geral/Misto","Lisboa (Região de Lisboa)","","geral@campojovem.com","210 204 945","COMPLETO"
"Campo de férias Natura em Vila Nova de Gaia","Geral/Misto","Vila Nova de Gaia (Região Norte)","","civil.vngaia@irn.mj.pt","","COMPLETO"
"Campo de férias Natureza Não Residencial em Cascais","Geral/Misto","Cascais (Região de Lisboa)","","cascaisemferias@cascaisambiente.pt","935 815 342","COMPLETO"
"Campo de férias Natureza e Aventura em Cascais","Geral/Misto","Cascais (Região de Lisboa)","","info@dirtrideacademy.pt","912 261 666","COMPLETO"
"Campo de férias Não Residencial Páscoa de Sailing no Porto","Geral/Misto","Vila Nova de Gaia (Região Norte)","","info@fortedegaia.com","","COMPLETO"
"Campo de férias Não Residencial Páscoa em Gaia","Geral/Misto","Vila Nova de Gaia (Região Norte)","","regional@conservatoriodegaia.org","936 102 127","COMPLETO"
"Campo de férias Não Residencial de Basquetebol","Geral/Misto","Lisboa (Região de Lisboa)","","geral@ablisboa.pt","+351 214 118 230","COMPLETO"
"Campo de férias Não Residencial em Aveiro","Geral/Misto","Aveiro (Região Centro)","","quintapedagogica@grupomayaseco.com","234 420 883","COMPLETO"
"Campo de férias Não Residencial em Ponte de Sor","Geral/Misto","Alentejo (Região Alentejo)","","ferias.ativas@cm-pontedesor.pt","","COMPLETO"
"Campo de férias Não Residencial em Setúbal","Geral/Misto","Setúbal (Região de Lisboa)","","ferias.verao@academialuisatodi.pt","968 404 462","COMPLETO"
"Campo de férias Não Residencial em Sintra","Geral/Misto","Sintra (Região de Lisboa)","","info@movimentobloom.org.pt","","COMPLETO"
"Campo de férias Não Residencial em Vila Nova de Gaia","Geral/Misto","Vila Nova de Gaia (Região Norte)","","campingferias@hotmail.com","914464039","COMPLETO"
"Campo de férias Não Residencial na Maia","Geral/Misto","Maia (Região Norte)","","visitmaia@cm-maia.pt","+351 229 444 732","COMPLETO"
"Campo de férias Proença-a-Nova de Roteiros e Palcos","Geral/Misto","Proença-a-Nova (Região Centro)","","geral@proencanovaorigem.pt","214985390","COMPLETO"
"Campo de férias Páscoa em Sintra","Geral/Misto","Sintra (Região de Lisboa)","","ola@roda-viva.pt","918 090 888","COMPLETO"
"Campo de férias Páscoa perto de Lisboa","Geral/Misto","Landeira (Região Alentejo)","","geral@jf-campodeourique.pt","265 420 784","COMPLETO"
"Campo de férias Sailing Não Residencial no Porto","Geral/Misto","Vila Nova de Gaia (Região Norte)","","augusto@portosailingspot.com","+351 932111117","COMPLETO"
"Campo de férias Ténis Não Residencial Santa Maria da Feira","Geral/Misto","Santa Maria da Feira (Região Norte)","","info@panorama360.pt","256 244 521","COMPLETO"
"Campo de férias Ténis Não Residencial em Braga","Geral/Misto","Braga (Região Norte)","","secretaria@clubetenisbraga.pt","+351 963 969 869","COMPLETO"
"Campo de férias Verão de Ski Aquático em Castelo de Bode","Geral/Misto","Tomar (Região Centro)","","troviscalturismo@gmail.com","241 849 262","COMPLETO"
"Campo de férias Verão de Wakesurf em Castelo de Bode","Geral/Misto","Tomar (Região Centro)","","info.wakesurfportugal@gmail.com","915 844 443","COMPLETO"
"Campo de férias Verão na Terra do Nunca","Geral/Misto","Landeira (Região Alentejo)","","secretaria@camposdeferias.com","926 101 714","COMPLETO"
"Campo de férias de Artes Marciais Campo de Ourique","Geral/Misto","Região de Lisboa","","info@statartesmarciais.com","963 631 744","COMPLETO"
"Campo de férias de Artes Marciais Cascais","Geral/Misto","Cascais (Região de Lisboa)","","atendimento.municipal@cm-cascais.pt","938 867 038","COMPLETO"
"Campo de férias de Artes Marciais Parque das Nações","Geral/Misto","Parque das Nações (Região de Lisboa)","","educacao@jf-parquedasnacoes.pt","928 038 296","COMPLETO"
"Campo de férias de Artes Marciais Restelo","Geral/Misto","Restelo (Região de Lisboa)","","geral@statartesmarciais.com","938 867 033","COMPLETO"
"Campo de férias de Basquetebol em Ponte de Sor","Geral/Misto","Alentejo (Região Alentejo)","","ruirafonseca@gmail.com","+351 242 291 589","COMPLETO"
"Campo de férias de Futebol de Natal em Lisboa","Geral/Misto","Lisboa (Região de Lisboa)","","escoladefutebol@slbenfica.pt","918 090 888","COMPLETO"
"Campo de férias de Futebol de Páscoa em Lisboa","Geral/Misto","Lisboa (Região de Lisboa)","","crescer_estadio@estadio.ulisboa.pt","918 090 888","COMPLETO"
"Campo de férias de Golf em Alicante","Geral/Misto","Alicante (Espanha)","","info@lascolinasgolf.es","210 204 945","COMPLETO"
"Campo de férias de Multiatividades na Catalunha","Geral/Misto","Tarragona (Espanha)","","geral@oficinasdomundo.pt","210 204 945","COMPLETO"
"Campo de férias de Páscoa no Alentejo","Geral/Misto","Torrão (Região Alentejo)","","freguesia.torrao@mail.telepac.pt","265 669 245","COMPLETO"
"Campo de férias de futebol Não Residencial em Gaia","Geral/Misto","Vila Nova de Gaia (Região Norte)","","camposdeferias@igreja-lusitana.org","223 209 903","COMPLETO"
"Campo de férias em Espanhol perto de Huelva","Geral/Misto","Huelva (Espanha)","","eservas@intersol.pt","210 204 945","COMPLETO"
"Campo de férias em Inglês em Tamarit","Geral/Misto","Tarragona (Espanha)","","resort@tamarit.com","","COMPLETO"
"Campo de férias no Alentejo Litoral","Geral/Misto","Torrão (Região Alentejo)","","ceaas.parchanas@gmail.com","968 145 483","COMPLETO"
"Campo de férias no Algarve","Geral/Misto","Faro (Região Algarve)","","mochoscentrodeprestacao@hotmail.com","289 823 434","COMPLETO"
"Campo de férias no Cadaval dos 13 aos 17 anos","Geral/Misto","Cadaval (Região de Lisboa)","","geral@tempodeaventura.pt","262 744 050","COMPLETO"
"Campo de férias no Pena Aventura","Geral/Misto","Vila Real (Região Norte)","","reservas@penaaventura.com.pt","259 498 085","COMPLETO"
"Campo de férias no Sudoeste Alentejano","Geral/Misto","Beja (Região Alentejo)","","geral@bejaparquehotel.com","210 204 945","COMPLETO"
"Campo de férias num Parque Aquático em Vila Real","Geral/Misto","Vila Real (Região Norte)","","reservas@naturwaterpark.pt","+351 925 273 820","COMPLETO"
"Campo de férias para aprender Inglês perto de Barcelona","Geral/Misto","Tarragona (Espanha)","","rgpddelegado@englishsummer.com","","COMPLETO"
"Campo de férias para crianças em Portugal","Geral/Misto","Tomar (Região Centro)","","campo.ferias@ymcasetubal.org","210 204 945","COMPLETO"
"Campo de férias perto de Lisboa dos 10 aos 14 anos","Geral/Misto","Cartaxo (Região de Lisboa)","","registos.cartaxo@irn.mj.pt","+351 243 719 307","COMPLETO"
"Campo de férias perto de Lisboa dos 6 aos 9 anos","Geral/Misto","Cartaxo (Região de Lisboa)","","geral@mycamp.pt","+351 243 719 307","COMPLETO"
"Campo de férias perto de Vila Real de Santo António","Geral/Misto","Huelva (Espanha)","","pcmg@cm-vrsa.pt","281 510 970","COMPLETO"
"Campo de férias perto do Porto","Geral/Misto","Porto (Região Norte)","","camposdeferias@cdup.up.pt","+351 961 578 041","COMPLETO"
"Colónia de Natal Não Residencial Teatro Musical em Lisboa","Geral/Misto","Lisboa (Região de Lisboa)","","contacto@nuba.pt","","COMPLETO"
"Colónia de férias Natal no Centro de Portugal","Geral/Misto","Leiria (Região Centro)","","info@quintadaescola.com","244 823 692","COMPLETO"
"Colónia de férias Não Residencial em Lisboa","Geral/Misto","Lisboa (Região de Lisboa)","","fundacao@oseculo.pt","218 429 739","COMPLETO"
"Crianças a dançar num campo de férias","Geral/Misto","E como queremos que todos tenham acesso a experiências inesquecíveis, a um Verão memorável, que contribua para o crescimento de quem nos procura, temos disponíveis campo de férias baratos para que ninguém fique de fora. (Holanda, na zona central norte da Europa, é outra das opções onde podes participar num campo de ferias. Se quiseres podes aproveitar também para descobrir um pouco mais sobre os nossos vizinhos, umas férias em Espanha ou França. Pallea ou croissants? Puertas del sol ou Torre Eiffel? Inscreve-te já e vem descobrir o mundo com os campo de ferias de verão .)","","geral@oeirasdance.pt","+351 218 038 813","COMPLETO"
"Curso de Espanhol no Verão em Benalmadena","Geral/Misto","Málaga (Espanha)","","info@maravillas.es","","COMPLETO"
"Curso de Mergulho Open Water Diver 18+","Geral/Misto","Sagres (Região Algarve)","","hello@puravidadivehouse.com","212551969","COMPLETO"
"Curso de Mergulho Open Water Diver Primavera 18+","Geral/Misto","Sagres (Região Algarve)","","diverscape@sapo.pt","","COMPLETO"
"Curso de Nadador-Salvador Júnior no Algarve","Geral/Misto","Faro (Região Algarve)","","isn@amn.pt","968624001","COMPLETO"
"Curso de espanhol em Barcelona","Geral/Misto","Barcelona (Espanha)","","contact@rcdeacademyrabat.com","","COMPLETO"
"Curso de mergulho no Algarve","Geral/Misto","Sagres (Região Algarve)","","sagres@martinhal.com","","COMPLETO"
"Férias Equestres no Alentejo Litoral","Geral/Misto","Comporta (Região Alentejo)","","entreamigos.equestre@gmail.com","+351 245 038 890","COMPLETO"
"Férias no Património","Geral/Misto","Vila Nova de Baronia (Região Alentejo)","","spiralab@spira.pt","+351 284 475 205","COMPLETO"
"International Equestrian Camp in Portugal","Geral/Misto","Esposende (Região Norte)","","info@portugalequestrian.com","927 427 567","COMPLETO"
"International Surfcamp Lisbon 18+ Autumn","Geral/Misto","Lisboa (Região de Lisboa)","","geral@surfcamp360.pt","913 525 454","COMPLETO"
"Programa de férias Futebol Alto Rendimento perto de Lisboa","Geral/Misto","Alcochete (Região de Lisboa)","","geral@nucleoscpalcochete.pt","212 318 786","COMPLETO"
"St Albans","Geral/Misto","St Albans (Curso de Inglês Inglaterra em St Albans)","","hm@st-albans.herts.sch.uk","","COMPLETO"
"Summer Medical School International Program Lisboa","Geral/Misto","Lisboa (Região de Lisboa)","","mariana.nobrega@nms.unl.pt","+351 968 349 951","COMPLETO"
"Surfcamp B&B na Figueira da Foz Outono 18+","Geral/Misto","Figueira da Foz (Região Norte)","","info@paintshopsurfcamp.com","928 135 212","COMPLETO"
"Surfcamp B&B no Algarve Outono 18+","Geral/Misto","Algarve (Região Algarve)","","support@oasiscamp.de","+351968364412","COMPLETO"
"Surfcamp B&B no Algarve Verão 18+","Geral/Misto","Algarve (Região Algarve)","","info@algarvewatersport.com","967 607 840","COMPLETO"
"Surfcamp Internacional 18+ Cantabria","Geral/Misto","Cantabria (Espanha)","","info@amigossurf.com","+351935882565","COMPLETO"
"Surfcamp Internacional 18+ em Lisboa","Geral/Misto","Costa da Caparica (Região de Lisboa)","","info@geckosurfschool.com","918 090 888","COMPLETO"
"Surfcamp Internacional em Lisboa","Geral/Misto","Costa da Caparica (Região de Lisboa)","","info@portugalsurfschool.pt","936408182","COMPLETO"
"Surfcamp Lisboa 18+ Primavera","Geral/Misto","Costa da Caparica (Região de Lisboa)","","info@drbernard.co","+351 934 184 065","COMPLETO"
"Surfcamp Loredo 18+","Geral/Misto","Cantabria (Espanha)","","info@latassurf.com","","COMPLETO"
"Surfcamp Não Residencial no Porto","Geral/Misto","Matosinhos (Região Norte)","","info@porto-surf-school.com","+351 934 613 039","COMPLETO"
"Surfcamp em Cantabria","Geral/Misto","Santoña (Espanha)","","info@watsay.com","913 525 454","COMPLETO"
"Surfcamp em Peniche 18+ Primavera","Geral/Misto","Peniche (Região Centro)","","geral@freesurfcamp.pt","+351 969 293 154","COMPLETO"
"Surfcamp na Ericeira","Geral/Misto","Ericeira (Região de Lisboa)","","info@ericeira55.com","+351 912 148 306","COMPLETO"
"Viagem de Jovens Albufeira 16+ Apartamento Janelas do Mar","Geral/Misto","Albufeira (Região Algarve)","","atendimento@chat.hotels.com","210 204 945","COMPLETO"
"Viagem de Jovens Albufeira 16+ Aparthotel Luna da Oura","Geral/Misto","Albufeira (Região Algarve)","","hoteldaoura@lunahoteis.com","289 590 170","COMPLETO"
"Viagem de Jovens Albufeira 16+ Cheerfulway Minichoro","Geral/Misto","Albufeira (Região Algarve)","","info@cheerfulway.pt","+351 289 583 720","COMPLETO"
"Viagem de Jovens Albufeira 18+ Aparthotel Soldoiro","Geral/Misto","Albufeira (Região Algarve)","","soldoiro@soldoiro.com","+351 289 588 751","COMPLETO"
"Viagem de Jovens Lloret de Mar 16+ Apartamento","Geral/Misto","Lloret de Mar (Espanha)","","info@albamar.com","","COMPLETO"
"Viagem de Jovens Lloret de Mar 16+ Hotel Garbi Park","Geral/Misto","Lloret de Mar (Espanha)","","reservas@hotelesgarbi.com","","COMPLETO"
"Viagem de Jovens Lloret de Mar 16+ Hotel Palm Beach & Spa","Geral/Misto","Lloret de Mar (Espanha)","","info@htophotels.com","","COMPLETO"
"Viagem de Jovens Lloret de Mar 16+ Villa","Geral/Misto","Lloret de Mar (Espanha)","","info@stoketravel.com","","COMPLETO"
"Wilderness Summer Camp em Setúbal","Geral/Misto","Setúbal (Região de Lisboa)","","geral@ymcasetubal.org","+351 265 739 540","COMPLETO"
"🔥 BÓNUS: Concorrente Local (Albufeira)","Geral/Misto","Albufeira","Encontrado no Arrastão do Google","clientes@vamusalgarve.pt","","COMPLETO"
"🔥 BÓNUS: Concorrente Local (Alcochete)","Geral/Misto","Alcochete","Encontrado no Arrastão do Google","email@sporting.pt","","COMPLETO"
"🔥 BÓNUS: Concorrente Local (Algarve)","Geral/Misto","Algarve","","administracao@ulsalg.min-saude.pt","00351 289 800 466","COMPLETO"
"🔥 BÓNUS: Concorrente Local (Ardingly)","Geral/Misto","Ardingly","Encontrado no Arrastão do Google","internationaladmissions@ardingly.com","","COMPLETO"
"🔥 BÓNUS: Concorrente Local (Aveiro)","Geral/Misto","Aveiro","","sec-geral@ulsra.min-saude.pt","234 406 301","COMPLETO"
"🔥 BÓNUS: Concorrente Local (Barruera)","Geral/Misto","Barruera","Encontrado no Arrastão do Google","barreu.contacto@gmail.com","","COMPLETO"
"🔥 BÓNUS: Concorrente Local (Braga)","Geral/Misto","Braga","Encontrado no Arrastão do Google","formacao@abcdebraga.com","","COMPLETO"
"🔥 BÓNUS: Concorrente Local (Bucelas, Loures)","Geral/Misto","Bucelas, Loures","Encontrado no Arrastão do Google","campodeferias@sniper.pt","963909529","COMPLETO"
"🔥 BÓNUS: Concorrente Local (Cadaval)","Geral/Misto","Cadaval","","geral@cm-cadaval.pt","262 691 470","COMPLETO"
"🔥 BÓNUS: Concorrente Local (Carcavelos)","Geral/Misto","Carcavelos","Encontrado no Arrastão do Google","info@carcavelos-tenis.com","+351 214 578 952","COMPLETO"
"🔥 BÓNUS: Concorrente Local (Cascais)","Geral/Misto","Cascais","Encontrado no Arrastão do Google","geral@paroquiadecascais.org","215 802 520","COMPLETO"
"🔥 BÓNUS: Concorrente Local (Cerdanya)","Geral/Misto","Cerdanya","Encontrado no Arrastão do Google","info@pyreneexplorer.camp","","COMPLETO"
"🔥 BÓNUS: Concorrente Local (Coimbra)","Geral/Misto","Coimbra","","forumcoimbra@multi.eu","239 410 090","COMPLETO"
"🔥 BÓNUS: Concorrente Local (Entroncamento, Santarém)","Geral/Misto","Entroncamento, Santarém","","pcpentroncamento@clix.pt","249 108 487","COMPLETO"
"🔥 BÓNUS: Concorrente Local (Ericeira)","Geral/Misto","Ericeira","Encontrado no Arrastão do Google","ericeirasurfcenter@gmail.com","","COMPLETO"
"🔥 BÓNUS: Concorrente Local (Faro)","Geral/Misto","Faro","","ford@fiaal.pt","289 870 807","COMPLETO"
"🔥 BÓNUS: Concorrente Local (Figueira da Foz)","Geral/Misto","Figueira da Foz","Encontrado no Arrastão do Google","ola@dudesurfschool.com","","COMPLETO"
"🔥 BÓNUS: Concorrente Local (Leiria)","Geral/Misto","Leiria","Encontrado no Arrastão do Google","spemleiria@hotmail.com","","COMPLETO"
"🔥 BÓNUS: Concorrente Local (Lisboa)","Geral/Misto","Lisboa","Encontrado no Arrastão do Google","geral@animapark.pt","217 229 800","COMPLETO"
"🔥 BÓNUS: Concorrente Local (Lloret de Mar)","Geral/Misto","Lloret de Mar","Encontrado no Arrastão do Google","reservas.palmbeach@htophotels.com","","COMPLETO"
"🔥 BÓNUS: Concorrente Local (Madrid)","Geral/Misto","Madrid","Encontrado no Arrastão do Google","liceoeuropeo@liceo-europeo.es","","COMPLETO"
"🔥 BÓNUS: Concorrente Local (Maia)","Geral/Misto","Maia","Encontrado no Arrastão do Google","gma@cm-maia.pt","","COMPLETO"
"🔥 BÓNUS: Concorrente Local (Matosinhos)","Geral/Misto","Matosinhos","Encontrado no Arrastão do Google","caparica@associacaoescolasdesurf.pt","","COMPLETO"
"🔥 BÓNUS: Concorrente Local (Peniche)","Geral/Misto","Peniche","Encontrado no Arrastão do Google","booking@escolasurfpeniche.com","","COMPLETO"
"🔥 BÓNUS: Concorrente Local (Porto)","Geral/Misto","Porto","Encontrado no Arrastão do Google","geral@cdup.up.pt","","COMPLETO"
"🔥 BÓNUS: Concorrente Local (Proença-a-Nova)","Geral/Misto","Proença-a-Nova","","proenca@aebb.pt","274 671 780","COMPLETO"
"🔥 BÓNUS: Concorrente Local (Região de Lisboa)","Geral/Misto","Região de Lisboa","Encontrado no Arrastão do Google","geral@upaje.pt","213506820","COMPLETO"
"🔥 BÓNUS: Concorrente Local (Santa Maria da Feira)","Geral/Misto","Santa Maria da Feira","Encontrado no Arrastão do Google","santamariadafeira@cm-feira.pt","","COMPLETO"
"🔥 BÓNUS: Concorrente Local (Santoña)","Geral/Misto","Santoña","Encontrado no Arrastão do Google","info@berriasurfschool.com","","COMPLETO"
"🔥 BÓNUS: Concorrente Local (Setúbal)","Geral/Misto","Setúbal","Encontrado no Arrastão do Google","secretaria@academialuisatodi.pt","265 098 907","COMPLETO"
"🔥 BÓNUS: Concorrente Local (Sintra)","Geral/Misto","Sintra","Encontrado no Arrastão do Google","geral@uniaodasfreguesias-sintra.pt","219239211","COMPLETO"
"🔥 BÓNUS: Concorrente Local (St Albans)","Geral/Misto","St Albans","Encontrado no Arrastão do Google","admin@transformationhouse.org.uk","","COMPLETO"
"🔥 BÓNUS: Concorrente Local (Tarragona)","Geral/Misto","Tarragona","Encontrado no Arrastão do Google","desporto@cm-felgueiras.pt","","COMPLETO"
"🔥 BÓNUS: Concorrente Local (Tomar)","Geral/Misto","Tomar","","turismo@cm-tomar.pt","249 328 040","COMPLETO"
"🔥 BÓNUS: Concorrente Local (Vila Nova de Gaia)","Geral/Misto","Vila Nova de Gaia","Encontrado no Arrastão do Google","info@oportosailing.pt","","COMPLETO"
"🔥 BÓNUS: Concorrente Local (Vila Real)","Geral/Misto","Vila Real","Encontrado no Arrastão do Google","geral@wfp-portugal.com","+351 259 336 806","COMPLETO"
"🔥 BÓNUS: Concorrente Local (Viseu)","Geral/Misto","Viseu","","geral@cmviseu.pt","232 470 670","COMPLETO"
"🔥 BÓNUS: Concorrente Local (Óbidos)","Geral/Misto","Óbidos","","info@casadobidos.com","262 003 100","COMPLETO"
"Campo de Ferias Summer School","Inglês","Portugal","","coordenacao@lac.edu.pt","+351 910 071 139","COMPLETO"
"Campos de férias 2026","Inglês","Portugal","","fundacao@fundacaosnqtb.pt","213 581 890","COMPLETO"
"Campos de férias de inglês","Inglês","Portugal","","info@castle-school.co.uk","","COMPLETO"
"Cursos de Verão em Portugal","Inglês","Portugal","","geral.oeiras@funl.pt","218800700","COMPLETO"
"Cursos de inglês nas férias para crianças e jovens","Inglês","Portugal","","geral@britishcouncil.pt","","COMPLETO"
"Inglês no Reino Unido","Inglês","Portugal","","david@ces-schools.com","","COMPLETO"
"Campos de Férias Nuno Delgado (@camposdeferiasnunodelgado)","Judo","Portugal","","actividades@nunodelgado.net","","COMPLETO"
"Escola de Judo Nuno Delgado","Judo","Portugal","","...@nunodelgado.net","+351 216 032 155","COMPLETO"
"Escola de Judo do SL Benfica","Judo","Portugal","","modalidades@slbenfica.pt","","COMPLETO"
"HelloCamp","Judo","Portugal","","info@hellocamp.pt","","COMPLETO"
"Rowing Camp GDFB Inscrições Abertas 2026!! ‍♂️ O ...","Karaté","Portugal","","gdfb.rowingcamp@gmail.com","910599783","COMPLETO"
"funtime oeiras","Karaté","Portugal","","funtime.oeiras@gmail.com","910861854","COMPLETO"
"Acampamento de imersão em espanhol para uma criança de 6 anos","Línguas","Espanha","","hola@ole-summercamps.com","","COMPLETO"
"Acampamentos de Verão Internacionais na Espanha","Línguas","Espanha","","info@soccercampsinternational.com","","COMPLETO"
"Acampamentos urbanos em espanhol na TANDEM (7 a 13 anos de ...","Línguas","Espanha","","spanishcourses@tandem-madrid.com","915 322 715","COMPLETO"
"Aprenda Inglês em Malta","Línguas","Malta","","study@ese-edu.com","","COMPLETO"
"Campos de férias de espanhol","Línguas","Espanha","","office@orangeholiday.bg","","COMPLETO"
"Colônia de férias na Espanha para crianças e adolescentes","Línguas","Espanha","","info@sotograndecamps.com","210 204 945","COMPLETO"
"Curso de Inglês em Malta","Línguas","Malta","","info@english-malta.com","","COMPLETO"
"Cursos de Inglês no Verão Grupos Jovens – Londres Gatton Park","Línguas","Inglaterra","","info@vidaedu.com","218 404 656","COMPLETO"
"Debla","Línguas","Espanha","","comunicacion@debla.com","","COMPLETO"
"ESCOLA DE VERÃO NA INGLATERRA","Línguas","Inglaterra","","admissions@bromsgrove-school.co.uk","","COMPLETO"
"Expanish Summer Camp Málaga","Línguas","Espanha","","info@ialc.org","","COMPLETO"
"Experiências de Imersão em Espanhol","Línguas","Espanha","","hola@expanish.com","913 855 979","COMPLETO"
"List of camps in Malta","Línguas","Malta","","info@elamalta.com","254 720 681","COMPLETO"
"Malta","Línguas","Malta","","iommalta@iom.int","","COMPLETO"
"Malta Sliema","Línguas","Malta","","marina.info@eshotelsmalta.com","","COMPLETO"
"Melhores Campos de Verão em Portugal","Natureza","Portugal","","hello@hellopark.pt","","COMPLETO"
"Tempo de Aventura: Campo de Férias de Verão Cadaval","Natureza","Portugal","","cadaval@tempodeaventura.pt","213 244 137","COMPLETO"
"Turismo Rural","Natureza","Portugal","","reservas@ribama.pt","+351 279 928 060","COMPLETO"
"YMCA Campo de férias","Natureza","Portugal","","geral@acmdelisboa.com","+351 213 845 380","COMPLETO"
"5 Hotéis com campos de padel","Padel","Portugal","","reservas@pedrasdarainha.com","","COMPLETO"
"A herdade perfeita para férias em grupo fica a 1 hora de Lisboa e ...","Padel","Portugal","","guest@guestready.com","","COMPLETO"
"Campos de Férias Salesianos 2025","Padel","Portugal","","lisboa@salesianos.pt","210 900 500","COMPLETO"
"Férias e Padel: uma combinação e tanto!","Padel","Portugal","","reservas@tacoaria.pt","+351 968 508 964","COMPLETO"
"O Pacote de Ténis ou Padel","Padel","Portugal","","resort@valedolobo.com","+351 289 353 000","COMPLETO"
"O campo de férias perfeito para os miúdos que adoram padel já ...","Padel","Portugal","","geral@m9padel.com","","COMPLETO"
"Poço e Meio","Padel","Portugal","","geral@hoteisruraisdeportugal.com","+351 926 664 720","COMPLETO"
"É fã de padel? 4 hotéis onde ir de férias não implica deixar de jogar ...","Padel","Portugal","","res@whiteshellbeachvillas.com","+351 282 248 440","COMPLETO"
"Últimas vagas disponíveis! O interesse pelo Golf, Padel & Nature ...","Padel","Portugal","","geral@golfojo.com","927 364 508","COMPLETO"
"A quinta mais cool de sempre para os miúdos está a 45 minutos de ...","Paintball","Portugal","","international@mycamp.pt","+351 243 719 307","COMPLETO"
"Ohanaecopark / Campos de Ferias, Paintball e Eventos","Paintball","Portugal","","geral@ohanaecopark.com","937 156 206","COMPLETO"
"Parques de Aventura em Portugal","Paintball","Portugal","","info@lusoaventura.com","","COMPLETO"
"Programas","Paintball","Portugal","","linhadosfundos@linhadosfundos.pt","","COMPLETO"
"Vimeiro Clube Aventura","Paintball","Portugal","","reservas@vimeiroclubeaventura.com","261 984 221","COMPLETO"
"aventuras","Paintball","Portugal","","...@parquedosmonges.com","+351 960 467 547","COMPLETO"
"Oficinas de Férias de Verão","Pintura","Portugal","","culturgest@cgd.pt","213 612 800","COMPLETO"
"Campos de Férias Summerpolis","Programação","Portugal","","mail@ofproducoes.com","936 102 127","COMPLETO"
"Campos de Férias em Portugal","Programação","Portugal","","vivaasferias@oeirasviva.pt","210 204 945","COMPLETO"
"Programa «Férias em Movimento»","Programação","Portugal","","maillisboa@ipdj.pt","212 724 000","COMPLETO"
"Campos de férias 2026 para as crianças","Robótica","Portugal","","servico.educativo.museu@ccb.pt","213 612 800","COMPLETO"
"FUTURE MAKERS CAMP","Robótica","Portugal","","vivalabporto@gmail.com","939 592 960","COMPLETO"
"Férias com Ciência","Robótica","Portugal","","geral@cvtavira.pt","218917104","COMPLETO"
"Home","Robótica","Portugal","","portodemosdiscover@gmail.com","+351 912 629 290","COMPLETO"
"Robótica","Robótica","Portugal","","cpr@dge.mec.pt","","COMPLETO"
"Clube de Rugby de Évora","Rugby","Portugal","","rugbyevora@sapo.pt","913906959","COMPLETO"
"Rugby Clube de Loulé","Rugby","Portugal","","geral@fpr.pt","289 412 436","COMPLETO"
"estão a chegar os Campos de Férias Desportivas","Rugby","Portugal","","camposdeferias@cdup.up","","COMPLETO"
"️ Sport Rugby Summer Camp Este verão vai continuar ...","Rugby","Portugal","","escolinharugbysaojoaotalha@gmail.com","","COMPLETO"
"Campo de Férias de Surf para Crianças em Cascais","Surf","Portugal","","info@moanasurfschool.com","+351 964 449 436","COMPLETO"
"Portugal Surf School","Surf","Portugal","","portugalsurfschool.pt@gmail.com","+351 936 408 182","COMPLETO"
"SURF & YOGA CAMP","Surf","Portugal","","info@lanzasurf.com","","COMPLETO"
"Surf & Bodyboard","Surf","Portugal","","info@7essencia.com","913 814 470","COMPLETO"
"Surf ATL para crianças na Costa da Caparica","Surf","Portugal","","555info@drbernard.co","","COMPLETO"
"Surf Camps","Surf","Portugal","","lisbonsurfaris@gmail.com","00351 910 693 559","COMPLETO"
"Surf Clube de Sesimbra on Instagram: "" CAMPOS DE FÉRIAS ...","Surf","Portugal","","epd@cm-sesimbra.pt","933 845 595","COMPLETO"
"VERÃO NO ESC – CAMPOS DE FÉRIAS INESQUECÍVEIS!","Surf","Portugal","","competicoes@ericeirasurfclube.com","","COMPLETO"
"Campo de Férias The Inventors","Tecnologia","Portugal","","dpo@cm-mora.pt","916805246","COMPLETO"
"Campos de Férias 2026 · The Inventors × Science4you · 8 locais em ...","Tecnologia","Portugal","","info@science4you.pt","","COMPLETO"
"Campos de Férias para crianças em Lisboa e no Porto","Tecnologia","Portugal","","contacto@campodeferiasconfia.pt","213 612 800","COMPLETO"
"The Inventors (@theinventors.io) • Instagram photos and videos","Tecnologia","Portugal","","hello@theinventors.io","+351 916 805 246","COMPLETO"
"BoaHora Ténis & Padel","Ténis","Portugal","","geral@boahoratenispadel.pt","936 260 254","COMPLETO"
"Centro de Treino de Ténis","Ténis","Portugal","","recepcao.tenisjamor@fptenis.pt","+351 210 540 310","COMPLETO"
"Clube Ténis Estoril: CTE","Ténis","Portugal","","escola@cte.pt","291 236 995","COMPLETO"
"Clube de Ténis de Sassoeiros","Ténis","Portugal","","info@ctsassoeiros.pt","214 574 313","COMPLETO"
"ETJC – Clube de Ténis","Ténis","Portugal","","etjc@outlook.pt","+351 934 970 038","COMPLETO"
"Escola MP Ténis","Ténis","Portugal","","ctidanhaanova@gmail.com","","COMPLETO"
"Lisboa Racket Centre","Ténis","Portugal","","encomendas@protennis.pt","218 460 232","COMPLETO"
"Quinta da Moura","Ténis","Portugal","","geral@quintadamoura.com","+351 210 129 577","COMPLETO"
"Rackets Pro: INÍCIO","Ténis","Portugal","","competicao.padel@racketspro.pt","213 877 445","COMPLETO"
